dcls_month,fin_co_no,fin_prdt_cd,kor_co_nm,fin_prdt_nm,join_way,mtrt_int,spcl_cnd,join_deny,join_member,etc_note,max_limit,dcls_strt_day,dcls_end_day,fin_co_subm_day
202310,0010001,WR0001F,우리은행,우리SUPER주거래적금,"영업점,인터넷,스마트폰,전화(텔레뱅킹)","만기 후
- 1개월이내 : 만기시점약정이율×50%
- 1개월초과 6개월이내: 만기시점약정이율×30%
- 6개월초과 : 만기시점약정이율×20%

※ 만기시점 약정이율 : 일반정기적금 금리","- 최대 연 1.9%p 우대
1. 신규 시 최대 1.0%p
①첫 거래 고객 : 연 1.0%p
2.거거래기간 실적 충족시 최대 0.9%p
①급여,연금이체를 하거나 다이렉트 해외송금 실적: 연 0.5%p
②공과금 자동이체 : 연 0.2%p
③우리카드실적 및 당행 결제계좌 지정 : 연 0.2%p",1,실명의 개인,"-거래실적인정기간:신규일이 포함된 달로부터 만기일이 속한 달의 전전달까지
-우대조건 필수 충족기간 : 1년: 6개월 이상 / 2년: 12개월 이상 / 3년 : 18개월 이상",500000.0,20231020,,202310200949
202310,0010001,WR0001L,우리은행,WON적금,"스마트폰,전화(텔레뱅킹)","만기 후
- 1개월이내 : 만기시점약정이율×50%
- 1개월초과 6개월이내: 만기시점약정이율×30%
- 6개월초과 : 만기시점약정이율×20%

※ 만기시점 약정이율 : 일반정기적금 금리","1.WON통장, 우리 꿈통장으로 연결하여 가입 시 만기시 연 0.1%p 우대금리 적용
2.우리 오픈뱅킹 서비스 가입 및 만기해지시 우리 오픈뱅킹 서비스에 타행계좌가 등록되어 있는 경우 0.1%P 우대금리 적용",1,실명의 개인,스마트 뱅킹에서만 가입가능,500000.0,20231020,,202310200949
202310,0010002,00266451,한국스탠다드차타드은행,퍼스트가계적금,"영업점,인터넷,스마트폰","만기 후 1개월: 약정이율의 50%
만기 후 1개월 초과 1년 이내: 약정이율의 30%
만기 후 1년 초과: 약정이율의 10%",없음,1,개인(개인사업자 포함),해당없음,10000000.0,20231020,99991231,202310200943
202310,0010016,10521001000846001,대구은행,내손안에 적금,스마트폰,"만기 후 1개월 미만 경과: 약정이자율 x 50%
만기 후 3개월 미만 경과: 약정이자율 x 25%
만기 후 3개월 이상 경과: 약정이자율 x 10%","* 최고우대금리 : 연0.55%p
 - 대구은행 인터넷뱅킹,스마트뱅킹을 통하여 최초로 적립식예금 가입 시 : 연0.20%p
 - 상품 가입 전 최근 3개월 이내 대구은행 인터넷,스마트 뱅킹을 통한 이체거래 3회 이상 : 연0.10%p
- 상품 가입 전 수수료우대 통장 보유 고객 : 연0.20%p
* 상품을 스마트뱅킹을 통해 가입 시 : 연0.05%p",1,실명의 개인,"1. 1계좌당 가입한도 : 월 100만원 
(최저 10만원 이상)
2. iM뱅크 전용상품",1000000.0,20231020,,202310200942
202310,0010016,10521001001177000,대구은행,마이(My)적금,"영업점,인터넷,스마트폰","만기 후 1개월 미만 경과: 약정이자율 x 50%
만기 후 3개월 미만 경과: 약정이자율 x 25%
만기 후 3개월 이상 경과: 약정이자율 x 10%","* 최고우대금리 : 연0.90%p

- 주택청약종합저축or대출 보유 : 연0.20%p
- 공과금 자동이체 실적/신규등록
- 증권연계계좌 보유
- 비대면 가입 상품 보유
- 카카오페이 실적 
- 대구은행 카드 실적
- 환전 실적 
- IM뱅크앱 통한 가입 
각 연0.10%p
* 상품을 인터넷/스마트뱅킹을 통해 가입시 : 연0.05%p",1,실명의 개인,"1계좌당 가입한도 : 월 50만원 
(최저 1만원 이상)",500000.0,20231020,,202310200942
202310,0010016,10527001000925000,대구은행,영플러스적금,"영업점,인터넷,스마트폰","만기 후 1개월 미만 경과: 약정이자율 x 50%
만기 후 3개월 미만 경과: 약정이자율 x 25%
만기 후 3개월 이상 경과: 약정이자율 x 10%","* 최고우대금리 : 연0.55%p
- 상품 가입 전 영플러스통장 보유 또는 재예치일 기준 영플러스통장 전월 평잔 10만원 이상 : 연0.10%p
- 예금기간 중 입금횟수 10회 이상 : 연0.10%p
- 입학 및 졸업 축하금리 : 연0.30%p
*상품을 인터넷/스마트뱅크를 통해 가입시 우대 : 연0.05%p",3,만 29세 이하 개인,"1계좌당 가입한도 : 월 50만원
( 최저1만원 이상)",500000.0,20231020,,202310200942
202310,0010016,10527001001272000,대구은행,내가만든 보너스적금,"영업점,인터넷,스마트폰","만기 후 1개월 미만 경과: 약정이자율 x 50%
만기 후 3개월 미만 경과: 약정이자율 x 25%
만기 후 3개월 이상 경과: 약정이자율 x 10%","* 최고우대금리: 연0.80%p
-비대면 채널로 신규: 연0.20%p
-상품 가입 전 마케팅활용[개인(신용)정보,수집,이용동의] 전체 동의: 연0.20%p
(계약기간 1년인 경우 만기일 기준)
-DGB대구은행 계좌로 자동이체 8회 이상 입금: 연0.20%p
-원금 합계 100만원이상: 연0.10%p 또는 원금합계 200만원이상: 연0.20%p",1,실명의 개인,"1계좌당 가입한도 : 월20만원 
(최저 1만원 이상)",200000.0,20231020,,202310200942
202310,0010016,10527001001278000,대구은행,IM스마트적금,"인터넷,스마트폰","만기 후 1개월 미만 경과: 약정이자율 x 50%
만기 후 3개월 미만 경과: 약정이자율 x 25%
만기 후 3개월 이상 경과: 약정이자율 x 10%","* 최고우대금리 : 연0.45%p
- 가입일로부터 3개월 이내 1가지 이상 요건 충족시 : 연0.20%p
① 대구은행 주택청약종합저축 보유
② 대구은행 신용(체크)카드 결제실적 보유
- 전체 계약월수 중 1/2이상 DGB대구은행 계좌에서 자동이체 납입 시 : 연0.20%p
* 상품을 인터넷/스마트뱅크를 통해 가입시 우대 : 연0.05%p",1,실명의 개인,"1. 1계좌당 가입한도 : 월 100만원 
(최저 10만원 이상)
2. 비대면채널 전용상품",1000000.0,20231020,,202310200942
202310,0010017,01020400380001,부산은행,2030부산월드엑스포적금,"영업점,스마트폰","- 만기후 1년이내:가입기간별 일반정기적금 기본이율 x 50%
- 만기후 1년초과:가입기간별 일반정기적금 기본이율 x 20%","*우대이율 최대 1.90%
-비대면 채널 가입 또는 상품서비스안내 동의서 징구: 0.10%
-첫 거래 우대이율 : 0.50%
-엑스포 유치 응원 우대이율 : 0.30%
-엑스포 유치 기원 우대이율 : 1.00%",1,실명의 개인고객(1인 1계좌),"1. 가입한도: 월 1천원 이상 3백만원 이하 천원단위
2. 자유적립식",3000000.0,20231031,,202310311143
202310,0010017,01020400490001,부산은행,펫 적금,"영업점,스마트폰","- 만기후 1년이내:가입기간별 일반정기적금 기본이율 x 50%
- 만기후 1년초과:가입기간별 일반정기적금 기본이율 x 20%","*우대이율 6개월제 최대 0.55%, 12개월제 최대 0.90%",1,실명의 개인고객(1인 1계좌),"1. 가입한도: 월 1만원 이상 50만원 이하 원단위
2. 자유적립식",500000.0,20231031,,202310311143
202310,0010017,01020400490002,부산은행,펫 적금,"영업점,스마트폰","- 만기후 1년이내:가입기간별 일반정기적금 기본이율 x 50%
- 만기후 1년초과:가입기간별 일반정기적금 기본이율 x 20%","*우대이율 6개월제 최대 0.55%, 12개월제 최대 0.90%",1,실명의 개인고객(1인 1계좌),"1. 가입한도: 월 1만원 이상 50만원 이하 원단위
2. 정기적립식",500000.0,20231031,,202310311143
202310,0010017,01020400510001,부산은행,"저탄소 실천
적금","영업점,인터넷,스마트폰","- 만기후 1년이내:가입기간별 일반정기적금 기본이율 x 50%
- 만기후 1년초과:가입기간별 일반정기적금 기본이율 x 20%","조건 달성여부에 따라 우대금리 적용
*개인형 우대이율: 최대0.4%
*기업형(개인사업자 및 법인)우대이율: 최대0.4%",1,제한없음,"1. 가입한도: 월 1만원 이상 1천만원 이하 원단위 (월 1천만원 이하 불입 가능)
2. 자유적립식",10000000.0,20231031,,202310311143
202310,0010017,01020400530001,부산은행,"내맘대로 
적금","영업점,인터넷,스마트폰","- 만기후 1년이내:가입기간별 일반정기적금 기본이율 x 50%
- 만기후 1년초과:가입기간별 일반정기적금 기본이율 x 20%","*우대이율 최대 0.2%
- 신규시 우대이율 0.05% 및 해지시 우대이율 최대 0.15%",1,제한없음,"1. 가입금액 :
   1천원 이상
2. 가입기간 : 
6개월 이상 60개월 이하(일단위)",,20231031,,202310311143
202310,0010017,01020400610001,부산은행,"너만Solo
적금",스마트폰,"- 만기후 1년이내:가입기간별 일반정기적금 기본이율 x 50%
- 만기후 1년초과:가입기간별 일반정기적금 기본이율 x 20%","*우대이율 최대 6.50%
-가입기간 중 결혼 시: 5.00%
-상품가입자간 결혼 시 추가우대: 0.50%
-신규고객우대: 0.50%
-당행 주택청약종합저축 보유: 0.20%
-입출금계좌 평잔 우대: 0.30%",3,"만 19세~만39세 실명의 개인고객
(1인 1계좌)","1. 가입한도: 월 1만원 이상 30만원 이하 원단위
2. 자유적립식",300000.0,20231031,,202310311143
202310,0010017,01020400620001,부산은행,ESG 행복그림 적금,스마트폰,"- 만기후 1년이내:가입기간별 일반정기적금 기본이율 x 50%
- 만기후 1년초과:가입기간별 일반정기적금 기본이율 x 20%","*우대이율 최대 3.0%
-이 적금 가입 후 만기 달성 시 : 3.00%",1,만 19세 이상 실명의 개인고객 (1인 1계좌),"1. 가입한도: 월 1만원 이상 30만원 이하 1만원 단위
2. 자유적립식",300000.0,20231031,,202310311143
202310,0010019,TD11330028000,광주은행,쏠쏠한MY디지털적금,"인터넷,스마트폰","만기후 1개월 이내: 만기일 당시 최초 가입 기간별 고시금리의 1/2 
만기후 1개월 초과: 0.1%","▶ 최고우대금리 0.4%p  
 ①개인(신용)정보 동의: 0.2%p 
 ②최근3개월간 정기예·적금 계좌 신규가없는경우(해지계좌포함): 0.2%p",1,개인 및 개인사업자,"1. 가입기간 : 1년제, 2년제
2. 가입금액 : 월 1만원 이상 1백만원 이하 (1인1계좌)",1000000.0,20230920,,202310201326
202310,0010019,TD11330029000,광주은행,해피라이프_여행스케치적금V,"영업점,스마트폰","*만기후 1개월 이내: 만기일 당시 최초 가입 기간별 고시금리의 1/2 
*만기후 1개월 초과: 0.1%","▶ 최고우대금리 1.20%p  
①해피라이프_여행스케치외화적금V 동일자가입 0.5%p 
②해지원금 기준 500만원이상 : 최고0.2%p
③신용(체크)카드사용실적300만원이상:최고 0.3%p
④개인(신용)정보 동의: 0.2%p",1,"제한없음(단,국가및지방자치단체제외)","1. 가입기간 : 6개월이상 3년제
2. 가입금액 : 월5만원 이상 5백만원 이하 (1인1계좌)",5000000.0,20231020,,202310201319
202310,0010019,TD11330030000,광주은행,여행스케치_남도투어적금,"영업점,스마트폰","만기후 1개월 이내: 만기일 당시 최초 가입 기간별 고시금리의 1/2 
만기후 1개월 초과: 0.1%","▶ 최고우대금리 1.9%p 
①예금가입일~만기일전일까지 당행이선정한 전라남도 관광지 방문 인증시 : 최고 1.5%p
②신용(체크)카드사용실적300만원이상:최고 0.3%p
③개인(신용)정보 동의: 0.1%p",1,만14세이상 개인 및 개인사업자,"1. 가입기간 :12개월제,18개월제
2. 가입금액 : 월 5만원 이상 1백만원 이하 (1인1계좌)
※ 18개월 정액식 기본금리 3.3%, 최고금리 5.2%",1000000.0,20231020,,202310201319
202310,0010019,TD11330031000,광주은행,VIP플러스적금,"영업점,인터넷,스마트폰","*만기후 1개월 이내: 만기일 당시 최초 가입 기간별 고시금리의 1/2 
*만기후 1개월 초과: 0.1%","▶ 최고우대금리 0.50%p  
①이 예금가입시 VIP고객이거나 가입일 이후부터 만기일전일까지 VIP고객에 선정된 경험이 있는 경우 : 0.3%p 
②이 예금 가입일에 정기예금 500만원이상(만기 1년이상) 가입하고 만기일 전일까지 유지한 경우 : 0.2%p",1,실명의 개인,"1. 가입기간 : 1년제
2. 가입금액 : 월10만원 이상 5백만원 이하 (1인1계좌)",5000000.0,20231020,,202310201319
202310,0010019,TD11330032000,광주은행,텔레파시적금,스마트폰,"만기후 1개월 이내: 만기일 당시 최초 가입 기간별 고시금리의 1/2 
만기후 1개월 초과: 0.1%","▶ 최고우대금리 0.80%p  
 ①전전월말 기준 예적금 등 계좌 및 거래가 없는경우: 0.8%p 
 ②당행 적금계좌 만기 해지일로부터 1개월 이내 이 예금으로 재가입한 고객: 0.5%p
▶ 퀴즈이벤트금리 최고 2.00%p
  - 최대 참여가능 횟수 20회 X 회당 우대금리 연 0.1%p",1,실명의 개인,"1. 가입기간 : 1년제
2. 가입금액 : 월 5만원 이상 50만원 이하 (1인1계좌)",500000.0,20231020,,202310201319
202310,0010020,220002101,제주은행,jBANK 저금통적금,"인터넷,스마트폰","- 만기후 1개월 이내 : (일반)정기적금 기본이자율의 50%
(단, 최저금리 0.1%)
- 만기후 1개월 초과 3개월 이내 : (일반)정기적금 기본이자율의 25%
(단, 최저금리 0.1%)
- 만기후 3개월 초과 : 0.1%","* 거래조건에 따라 최고 2.1%p 우대금리 적용
① 자투리 출금계좌 평잔 50만원 이상 유지 : 0.8%p
② 첫거래고객 or JBANK저금통적금 1개월 내 재신규 : 0.5%p
③ 신규가입 시점에서 적금 목표금액 최소 30만원 이상 설정하고, 적금 신규일로부터 3개월 내 잔액이 목표금액 이상인 경우 :0.5%p
④ 추천인 우대금리 : 0.30%p",1,개인 및 개인사업자,월 납입한도 50만원 이하,500000.0,20231020,,202310201441
202310,0010020,220002301,제주은행,더탐나는적금3,"영업점,스마트폰","- 만기후 1개월 이내 : (일반)정기적금 기본이자율의 50%
(단, 최저금리 0.1%)
- 만기후 1개월 초과 3개월 이내 : (일반)정기적금 기본이자율의 25%
(단, 최저금리 0.1%)
- 만기후 3개월 초과 : 0.1%","* 거래조건에 따라 최고 1.5%p 우대금리 적용
① 급여이체 또는 카드가맹점 이체 실적시 : 0.5%p
② 신용카드 및 체크카드 합산 사용실적에 따른 최고 우대금리 : 0.6%p
③ 신규거래 고객 또는 기존 더 탐나는 적금1,2 가입 이력시 : 0.30%p
④ 모바일(JBANK, 모바일 웹뱅킹)으로 신규시 : 0.10%P",1,개인 및 개인사업자,월 납입한도 30만원 이하,300000.0,20231020,,202310201441
202310,0010020,220002501,제주은행,MZ플랜적금,"영업점,스마트폰","- 만기후 1개월 이내 : (일반)정기적금 기본이자율의 50%
(단, 최저금리 0.1%)
- 만기후 1개월 초과 3개월 이내 : (일반)정기적금 기본이자율의 25%
(단, 최저금리 0.1%)
- 만기후 3개월 초과 : 0.1%","①매월 4회이상 지속적 납입시:1년제- 0.3%, 2년제-0.50%
② 목표 금액 달성:0.3%
③ 매월 50만원 이상 급여이체, 매월 카드 가맹점 대금 이체실적: 0.20%
④ 신용카드,체크카드 합산 사용액 월10만원 이상 사용: 0.20%
⑤ 제주은행 신규 거래 고객 : 0.30%
⑥ 비대면 신규: 0.10%
* 청년이니까응원합니다 이벤트 : 0.50%",1,개인 및 개인사업자,월 납입한도 30만원 이하,300000.0,20231020,,202310201441
202310,0010020,220002701,제주은행,탐이나요적금,"인터넷,스마트폰","- 만기후 1개월 이내 : (일반)정기적금 기본이자율의 50%
(단, 최저금리 0.1%)
- 만기후 1개월 초과 3개월 이내 : (일반)정기적금 기본이자율의 25%
(단, 최저금리 0.1%)
- 만기후 3개월 초과 : 0.1%","아래의 우대요건 충족시 최고 2.7%p 추가 우대(만기시 제공)
(공통)매월 JBANK로그인 시 0.2%
 한 가지라도 수행시 2.5% 제공
①추천인 코드로 3명 이상 가입시 
②탐나는전 체크카드 월30만원 이상 사용 유지 시 
③탐나는전 선불카드 충전계좌를 당행 입출금계좌로 등록 후 평잔 50만원 이상 유지 시",1,개인 및 개인사업자,월 납입한도 100만원 이하,1000000.0,20231020,,202310201441
202310,0010022,10-01-30-031-0018-0000,전북은행,JB 다이렉트적금(자유적립식),"인터넷,스마트폰","√만기후 1개월이내 경과분 : 만기일 현재 계약기간별 정기적금(자유적립식) 실행이율의 1/2
√만기후 1개월초과 경과분 : 연 0.1%","추가우대금리 :
당행 계좌간 자동이체를 통해 이 예금으로 자동이체 된 금액에 0.1% 금리 우대",1,실명의 개인(임의단체 제외),"1. 초회불입금 1만원이상, 1인당 월별 최고 1천만원이내
2. 만기직전 1개월간 적립합계는 이전기간 적립금액을 초과할 수 없음
3. 인터넷뱅킹/스마트폰뱅킹 가입상품",10000000.0,20231020,,202310201149
202310,0010022,10-01-30-031-0037-0000,전북은행,"JB 카드 재테크 적금
(정기적립식)","영업점,인터넷,스마트폰","√만기후 1개월이내 경과분 : 만기일 현재 계약기간별 정기적금 실행이율의 1/2
√만기후 1개월초과 경과분 : 연 0.1%","최고연4.5%우대
1.마케팅동의연0.2%
2.JB카드신규우대 연0.3%
3.JB카드실적우대 연4.0%우대",1,실명의 개인,"계약기간 1년
월별 적립한도 5만원 이상 최고 50만원 이하 (1인 1계좌)",500000.0,20231020,,202310201149
202310,0010024,21000111,경남은행,행복Dream적금,"영업점,인터넷,스마트폰,전화(텔레뱅킹)","만기후 1개월 이내: 일반정기예금 기본이율의 50%
만기후 1개월 초과: 일반정기예금 기본이율의 20%","①신규일로부터 6개월전까지 당행 적금 미보유 0.2%
②월부금이 50만원 이상인 경우 0.20%
③이 예금을 자동이체로 납입하는 경우 0.2%
④신용(체크)카드 최초발급 후 10만원 이내 이용 0.2%
⑤ 전자명함을 통한 신규 시 0.2%",1,개인 및 개인사업자,"1. 계약기간은 1년 이상 3년 이하 월단위
2. 적립금액은 5만원 이상, 최고금액은 제한없음",,20231020,,202310201129
202310,0010024,21001116,경남은행,BNK더조은자유적금,"인터넷,스마트폰","만기후 1개월 이내: 일반정기예금 기본이율의 50%
만기후 1개월 초과: 일반정기예금 기본이율의 20%","①오픈뱅킹서비스 가입 0.20%(만기까지 유지)
②당행 입출금통장에서 자동이체시 입금건별 0.20%
③이 상품 신규시 금리우대쿠폰을 등록할 경우 0.30%",1,"거래대상자는 제한을 두지 아니한다. 다만, 국가 및 지방자치단체는 이 예금을 거래할 수 없다.","1. 계약기간은 6개월 이상 2년 이내 월단위
2. 초입금 1만원 이상 월별 500만원 이내에서 자유롭게 저축
3. 최대 저축횟수는 999회 이내",5000000.0,20231020,,202310201129
202310,0010024,21001199,경남은행,BNK 위더스(With-us)자유적금,"영업점,인터넷","만기후 1개월 이내: 일반정기예금 기본이율의 50%
만기후 1개월 초과: 일반정기예금 기본이율의 20%","①ESG 실천 우대금리 1.50%
- 영업점 가입 및 증빙서류 지참 한하여 적용
(2023.8.17 ~ 2023.11.30 이후 0.5%)
②신규고객 우대금리 0.50%
- 당행 1년 이내예적금(청약포함)신규해지 이력미보유
③공동가입우대금리 1.50%",1,개인 및 개인사업자,"1.계약기간은 1개월 이상 36개월 이내 월단위
2.1인 1계좌
3.매월 최소 1만원 이상, 최고 100만원 이하 (천원 단위)",,20231020,,202310231057
202310,0010024,21001236,경남은행,주거래프리미엄적금,"영업점,인터넷,스마트폰","만기후 1개월 이내: 일반정기예금 기본이율의 50%
만기후 1개월 초과: 일반정기예금 기본이율의 20%","①주거래우대 0.50%
②공과금 자동이체 0.40~0.60%
③신규고객 0.20%
④주택청약종합저축 보유 0.10%
⑤ 전자명함을 통한 신규 시 0.2%",1,개인 및 개인사업자,"1.1년제, 2년제, 3년제
2. 적립금액은 매월 1만원이상, 최고금액은 제한없음",,20231020,,202310201129
202310,0010024,21001259,경남은행,오늘도세이브적금,"인터넷,스마트폰","만기후 1개월 이내: 일반정기예금 기본이율의 50%
만기후 1개월 초과: 일반정기예금 기본이율의 20%","①마케팅동의 0.15%
②목돈마련 축하이율 0.20~1.00%
③친구 추천번호 0.30~0.60%
④이벤트(만40세미만 이적금가입) 0.50%
   ※이벤트기간: 9/25~11/30",1,실명의 개인 및 개인사업자,"1. 계약기간은 1개월 이상 6개월 이내 월단위
2. 초입금 1천원 이상 10만원 이하 자유롭게 저축
3. 최대 저축횟수는 999회 이내",,20231020,,202310201129
202310,0010026,01211210110,중소기업은행,IBK썸통장(자유적립식),스마트폰,"만기일 당시 정기적금 만기후금리 적용
- 1개월 이내: 만기일 당시 약정금리x50%
- 1월 초과 6개월 이내: 만기일 당시 약정금리x30%
- 6개월 초과: 만기일 당시 약정금리x20%","최고 연 0.40%p
1. 비대면 채널을 통해 이 상품(적립식)을 가입한 경우 : 0.2%p
2. 썸타기를 통한 맞팔 이력을 보유한 경우 : 연 0.2%p
3. 썸 특별이자율 : 최고 연 4.35%(최초거래고객이 이 상품 계약기간 중 맞팔이력을 보유한 경우)",3,IBK썸통장(입출금식) 가입자,"1인당 1계좌 가입 가능하며, 계좌당 30만원까지 납입 가능",300000.0,20231020,,202310200925
202310,0010026,01211210113,중소기업은행,IBK D-day적금(자유적립식),스마트폰,"만기일 당시 정기적금 만기후금리 적용
- 1개월 이내: 만기일 당시 약정금리x50%
- 1월 초과 6개월 이내: 만기일 당시 약정금리x30%
- 6개월 초과: 만기일 당시 약정금리x20%","최고 연 1.5%p
1. 목표달성 축하금리 : 연 1.0%p
  - 당행 입출금식 계좌에서 이 적금으로 자동이체를 통해 3회 이상 납입하고 만기일 전일까지 목표금액(신규 시 직접 설정) 이상 납입하는 경우
2. 최초거래고객 우대금리 : 연 0.5%p",1,"실명의 개인
(개인사업자 제외)","1인당 3계좌 가입 가능하며, 계좌당 20만원 이내 납입 가능",600000.0,20231020,,202310200925
202310,0010026,01211210121,중소기업은행,IBK탄소제로적금(자유적립식),스마트폰,"만기일 당시 정기적금 만기후금리 적용
- 1개월 이내: 만기일 당시 약정금리x50%
- 1월 초과 6개월 이내: 만기일 당시 약정금리x30%
- 6개월 초과: 만기일 당시 약정금리x20%","최고 연 4.00%p
1. 에너지 절감 우대금리 : 최대 연 0.20%p
2. 최초거래고객 우대금리 : 연 0.10%p
3. 지로 또는 공과금 자동이체 우대금리 : 연 1.00%p",1,"실명의 개인
(개인사업자 제외)","1인당 1계좌 가입 가능하며, 계좌당 최소 1만원 이상 1백만원까지 납입 가능",1000000.0,20231020,,202310200925
202310,0010026,01211210122,중소기업은행,"IBK중기근로자우대적금
(자유적립식)","영업점,스마트폰","만기일 당시 정기적금 만기후금리 적용
- 1개월 이내: 만기일 당시 약정금리x50%
- 1월 초과 6개월 이내: 만기일 당시 약정금리x30%
- 6개월 초과: 만기일 당시 약정금리x20%","최고 연 2.20%p
1. 가입시점 중소기업 근로자로 확인된 경우 : 재직기간에 따라 최고 연 1.2%p
2. 당행 급여이체 실적(월50만원 이상) 6개월 이상
   인 경우 : 연 1.0%p",3,"중소기업에서 근무하는
실명의 개인
(개인사업자 제외)","1인당 1계좌 가입 가능하며, 계좌당 50만원까지 납입 가능",500000.0,20231020,,202310200925
202310,0010030,03010,한국산업은행,KDBdream 자유적금,"영업점,인터넷,스마트폰","*만기후 1년 이내:
만기일 현재 일반정기적금 해당예금기간 기본이자율의 1/2
* 만기후 1년 초과:
만기일 현재 보통예금 이자율","KDBdream Account 계좌에서 자동이체방법으로 납입하는 경우, 연 0.10% 가산",1,제한없음,"이자율 적용방식 선택 가능
1) 최초납입일 고정금리식
2) 수시납입일 고정금리식",5000000.0,20231116,,202311160933
202310,0010030,03100,한국산업은행,정기적금,영업점,지급일 현재 고시된 일반정기예금 만기후 이자율 적용,해당없음,1,제한없음,해당없음,,20231113,,202311131420
202310,0010030,03202,한국산업은행,KDB Hi 자유적금,"인터넷,스마트폰","*만기후 1년 이내:
만기일 현재 일반정기적금 해당예금기간 기본이자율의 1/2
* 만기후 1년 초과:
만기일 현재 보통예금 이자율","KDB Hi 입출금통장에서 자동이체방법으로 납입하는 경우, 연 0.10% 가산",1,"KDB Hi 입출금통장에 가입한 개인(개인사업자 및 임의단체 제외)
단, 국민인 거주자에 한함",해당없음,3000000.0,20231116,,202311160935
202310,0010927,010200100051,국민은행,KB국민프리미엄적금(정액),"영업점,인터넷,스마트폰,전화(텔레뱅킹)","- 1개월 이내 : 기본이율 X 50%
- 1개월 초과  ~ 3개월 이내 : 기본이율 X 30%
- 3개월 초과 : 0.1%","① 단체가입/나라사랑/쿠폰 우대이율: 
    1년: 연 0.6%p, 2년: 연 0.7%p,
    3년: 연 0.9%p, 5년: 연 1.0%p 
   (중복적용되지 않음, 계약기간별차등적용)
② 교차거래 우대이율: 연 0.3%p",1,실명의 개인,1인 1계좌,,20231020,,202310201043
202310,0010927,010200100092,국민은행,KB반려행복적금,스마트폰,"- 1개월 이내 : 기본이율 X 50%
- 1개월 초과  ~ 3개월 이내 : 기본이율 X 30%
- 3개월 초과 : 0.1%","항목별 적용 조건 충족시, 최고 연 1.5%p
① 반려동물 등록: 연 0.2%p
② 미지(유기)입양: 연 0.2%p
③ 반려동물애정활동: 연 0.2%p
④ 반려동물요금제: 연 0.2%p
⑤ KB거래감사: 연 0.2%p
⑥ KB첫거래: 연 0.5%p",1,실명의 개인,"공동명의 불가
(1인 최대 3계좌)",,20231020,,202310201043
202310,0010927,010200100104,국민은행,KB 특★한 적금,스마트폰,"- 1개월 이내 : 기본이율 X 50%
- 1개월 초과  ~ 3개월 이내 : 기본이율 X 30%
- 3개월 초과 : 0.1%","항목별 적용 조건 충족시, 최고 연 4.0%p
① 목표달성 축하 우대이율: 최고 연 1.0%p
    50만원 이하: 연 0.5%p, 50만원 초과: 연 1.0%p 
② 별 모으기 우대이율 : 최고 연 1.0%p
    10개: 연 0.5%p, 20개: 연 1.0%p
③ 함께해요 우대이율: 최고 연 2.0%p",1,실명의 개인,"개인사업자, 임의단체 및
공동명의 불가
(1인 최대 3계좌)",,20231020,,202310201043
202310,0011625,230-0119-85,신한은행,신한 알.쏠 적금,"영업점,스마트폰","-1개월 이하:(일반) 정기적금 기본금리 1/2
(단, 최저금리 0.10%)
-1개월 초과~6개월 이하: (일반) 정기적금 기본금리의 1/4
(단, 최저금리 0.10%)
-6개월 초과 0.10%","※가산금리 최고 연 1.30%
- 소득이체 : 연 0.6%
- 카드이용 : 연 0.3%
- 오픈뱅킹 : 연 0.6%
- 청약보유 : 연 0.3%
- 마케팅동의 : 연 0.1%
※ 우대금리 항목별 자세한 적용 조건은 상품설명서 참조",1,제한없음,"1. 가입한도: 
월300만원 이하
2. 1인 다계좌",3000000.0,20231020,,202310200923
202310,0013175,10-047-1360-0002,농협은행주식회사,NH올원e 미니적금,스마트폰,"만기후 1년 이내 : 만기시점 계약기간별 자유로우대적금 기본금리의 1/2
만기후 1년 초과 : 보통예금 금리","1. 자동이체 입금횟수 우대금리 : 최고 0.5%p
 - 5회이상 : 0.2%p, 10회이상 : 0.3%p, 15회이상 0.5%p
2. 목표금액 달성 축하금리  : 0.5%p
3. MZ세대(만 19~34세)) 우대금리 : 0.5%p
4. 직전 1년간 당행 예적금(청약포함) 미보유 고객 : 0.2%p",1,개인,"가입기간 1개월 이상 6개월 이하(일 단위)

초입금 및 매일 1천원이상  5만원이내(천원 단위)",1550000.0,20231116,,202311161012
202310,0013175,10-047-1365-0001,농협은행주식회사,NH1934월복리적금,"영업점,인터넷,스마트폰","만기후 1년 이내 : 만기시점 계약기간별 기본금리의 1/2
만기후 1년 초과 : 보통예금 금리","1. 급여실적 : 1.0%p (①/② 중복 적용 불가)
 ① 급여이체 실적 : 1.0%p
 ② 개인사업자 계좌 실적 :1.0%p
2. 비대면 채널 이체 실적 : 0.3%p
3. 마케팅 동의 : 0.2%p
4. 농업계고 및 청년농부사관학교 졸업자 : 2.0%p",3,만19세~만34세 개인 및 개인사업자,"초입금 및 매회 1만원 이상, 월 50만원 이내 자유적립

급여이체 실적과 개인사업자 계좌 실적 우대금리는 중복 적용 불가

 * 급여입금실적 인정기준
  - 가입기간 12개월 이하 : 3개월 이상 급여이체
  - 가입기간 24개월 이하 : 12개월 이상 급여이체",500000.0,20231116,,202311161012
202310,0013175,10-047-1381-0001,농협은행주식회사,NH내가Green초록세상적금,"영업점,인터넷,스마트폰","만기후 1년 이내 : 만기시점 계약기간별 기본금리의 1/2
만기후 1년 초과 : 보통예금 금리","※ 우대금리 최대한도 : 1.0%p(연%, 세전)
1. 온실가스 줄이기 실천서약서 동의 : 0.1%p
2. 통장미발급 : 0.3%p
3. 손하나로인증 서비스 등록 : 0.2%p
4. 대중교통이용 : 0.2%p
5. NH내가Green초록세상예금 동시 보유 : 0.2%p",1,개인,"초입금5만원 이상 및 매회 1만원 이상, 매월50만원이내
(단, 만기일 전 3개월 이내에는 이전 적립금 합계액을 초과하여 입금불가)

※자세한 사항은 상품설명서 참조",500000.0,20231116,,202311161012
202310,0013175,10-047-1387-0001,농협은행주식회사,NH고향사랑기부적금,"영업점,인터넷,스마트폰","만기후 1년 이내 : 만기시점 계약기간별 기본금리의 1/2
만기후 1년 초과 : 보통예금 금리","1. 고향사랑기부금 납부고객 우대 : 0.5%p

2-1. 만 65세 이상 고령자 우대 : 0.1%p
2-2. 만 19~34세 MZ고객 우대 : 0.3%p

3. 고향사랑특별금리 : 0.1%p(금리시장상황에 따라 변동 가능)
 - 고향사랑특별금리는 상품 가입고객 모두에게 적용",1,개인,"1.초입금1만원 이상 및 매회 1천원 이상, 매월50만원이내
(단, 만기일 전 3개월 이내에는 이전 적립금 합계액을 초과하여 입금불가)

2. 고향사랑기부금 우대금리는 농협은행/농축협 영업점 또는 고향사랑e음 홈페이지를 통한 고향사랑기부금 납부실적이 확인되는 경우 제공

3. 연간 판매액의 0.1% 공익기금 적립",500000.0,20231116,,202311161012
202310,0013175,10-059-1264-0001,농협은행주식회사,NH직장인월복리적금,"영업점,인터넷,스마트폰","만기후 3개월 이내 : 만기시점 국고채 1년물 금리
만기후 1년 이내 : 만기시점 채움적금 계약기간별 고시금리의 50%
만기후 1년 초과 : 만기시점 보통예금 금리","1. 급여입금실적 보유 고객 중
 - 가입기간 중 3개월 이상 급여이체시 : 0.3%p
 - 주택청약종합저축 또는 펀드가입 : 0.2%p
 - NH채움카드 결제실적 1백만원 이상 : 0.2%p
2. 인터넷(스마트)뱅킹 또는 올원뱅크로 가입 : 0.1%p",3,만18세이상 개인,"초입금 및 매회 입금 1만원 이상 원 단위,  1인당 분기별 3백만원 이내 적립 가능
(단,계약기간 3/4 경과 후 적립할 수 있는 금액은 이전 적립누계액의 1/2이내)",3000000.0,20231116,,202311161012
202310,0013909,52,하나은행,주거래하나 월복리적금,"영업점,인터넷,스마트폰","1개월 이내 : 지급당시 해당기간별 일반정기적금 기본금리 1/2
1개월 초과 : 지급당시 해당기간별 일반정기적금 기본금리 1/4","최고 연1.0%
- 주거래하나우대(연 0.5%) : 적금만기 전전월말기준 본인명의 당행입출금통장을 통해 계약기간 1/2이상 이체된 주거래실적 1종  - 주거래플러스우대(연 0.9%) : 주거래 하나우대와 동일요건의 거래실적 2종이상 경우 
- 온라인.재예치우대 연 최대 0.1%",1,"실명의 개인
또는 개인사업자","1. 1인 1계좌만 가능
(급여하나월복리적금,연금하나 월복리적금과 중복가입 불가)
2. 가입금액 
 - 최저1만원~300만원이하
3. 적립한도
 분기당 1만원이상 300만원
 (자유적립식)",3000000.0,20231020,,202310200855
202310,0013909,53,하나은행,내맘적금,"영업점,인터넷,스마트폰,전화(텔레뱅킹)","1개월 이내 : 지급당시 해당기간별 일반정기적금 기본금리 1/2
1개월 초과 : 지급당시 해당기간별 일반정기적금 기본금리 1/4",하나은행 통장에서 계약기간의 1/2이상 월부금 자동이체실적 충족 시 연 0.50%,1,"실명의 개인
또는 개인사업자(1인 다계좌 가능)","1. 1인 다계좌 가능
2. 가입금액
   - 1천원 이상~1,000만원 이하(원단위)
3. 적립한도
    - 자유적립식 : 매월 1원 이상~1,000만원 이하(원단위)
    - 정액적립식 : 매월 1천원 이상~1,000만원 이하(원단위)",10000000.0,20231020,,202310200855
202310,0014674,01012000200000000003,주식회사 케이뱅크,코드K 자유적금,스마트폰,"만기 후 
- 1개월 이내: 만기시점 기본금리 X 50% 
- 1개월 초과 ~ 6개월 이내: 만기시점 기본금리 X 30%
- 6개월 초과: 연 0.20%",금리우대 코드를 입력하는 경우 우대금리 적용,1,만 17세 이상 실명의 개인 및 개인사업자,"가입금액: 1만원 이상 30만원 이하
가입기간: 6개월, 1년, 2년, 3년 
(1인 최대 3계좌)",300000.0,20231020,,202310201044
202310,0014674,01012000210000000000,주식회사 케이뱅크,주거래우대 자유적금,스마트폰,"만기 후 
- 1개월 이내: 만기시점 기본금리 X 50% 
- 1개월 초과 ~ 6개월 이내: 만기시점 기본금리 X 30%
- 6개월 초과: 연 0.20%","급여이체 또는 통신비 자동이체, 체크카드 고객에게 우대금리 제공 (최고 연 0.6%)",1,만 17세 이상 실명의 개인 및 개인사업자,"가입금액: 1천원 이상 300만원 이하
가입기간: 6개월 ~ 36개월
(1인 최대 3계좌)",3000000.0,20231020,,202310201044
202310,0014807,10140110400011,수협은행,Sh평생주거래우대적금,영업점,"* 만기후 1년 이내
 - 만기당시 정기적금 
계약기간별 기본금리 1/2
* 만기후 1년 초과
 - 만기당시 보통예금 기본금리","*최대우대금리:1.2%
신규시적용금리
-자동이체출금3건이상:0.2%
-최초예적금고객/재예치/장기거래각0.05%(최대0.1%)
만기시적용금리:최대0.9%
-급여,연금이체/수협카드결제각0.3%
-공과금이체최대0.3%
※단위:연%p",1,실명의 개인,"- 1인 1계좌 
- 월 가입한도 : 100만원",1000000.0,20231020,,202310201104
202310,0014807,10140114300011,수협은행,"Sh해양플라스틱Zero!적금
(정액적립식)","영업점,인터넷,스마트폰","* 만기후 1년 이내
 - 만기당시 정기적금 
계약기간별 기본금리 1/2
* 만기후 1년 초과
 - 만기당시 보통예금 기본금리","* 최대우대금리:0.5%
1. 해양플라스틱감축서약 : 0.1% (신규시) 
2. 봉사활동 또는 상품홍보 : 0.2% (만기시) 
3. 입출금통장 최초신규 : 0.2% (만기시)
4. 자동이체 출금실적 : 0.2% (만기시)
 - 수협신용카드 / 당행 펀드 / 수협체크카드
※단위:연%p",1,실명의 개인,"- 1인 1계좌 
- 월 가입한도 : 100만원",1000000.0,20231020,,202310201104
202310,0014807,10140114700031,수협은행,헤이(Hey)적금(정액적립식),스마트폰,"* 만기후 1년 이내
 - 만기당시 정기적금 
계약기간별 기본금리 1/2
* 만기후 1년 초과
 - 만기당시 보통예금 기본금리","* 최대우대금리:0.9%
1. 마케팅동의 : 0.1% (신규시) 
2. 자동이체 납입 : 0.5% (만기시) 
3. 예·적금 신규고객 : 0.3% (신규시)
4. 예·적금 만기후 1개월 이내 재가입고객 : 0.3%(신규시)
※단위:연%p",1,실명의 개인,"*1인 1계좌
*월 가입한도 : 50만원
*스마트폰 전용",500000.0,20231020,,202310201104
202310,0014807,10141109800021,수협은행,Sh월복리자유적금,"영업점,인터넷,스마트폰","* 만기후 1년 이내
 - 만기당시 상호부금
계약기간별 기본금리 1/2
* 만기후 1년 초과
 - 만기당시 보통예금 기본금리","*최대우대금리:0.7%
-첫거래고객:0.3%
-카드거래:최대0.3%
-복수거래:0.1%
-요구불거래:최대0.2%
-인터넷뱅킹고객:0.1%
-자동이체실적:0.1%
※단위:연%p",1,실명의 개인 및 개인사업자,"- 1인 1계좌
- 월 가입한도 : 100만원",1000000.0,20231020,,202310201104
202310,0014807,10141114300011,수협은행,"Sh해양플라스틱Zero!적금
(자유적립식)","영업점,인터넷,스마트폰","* 만기후 1년 이내
 - 만기당시 상호부금 
계약기간별 기본금리 1/2
* 만기후 1년 초과
 - 만기당시 보통예금 기본금리","* 최대우대금리:0.5%
1. 해양플라스틱감축서약 : 0.1% (신규시) 
2. 봉사활동 또는 상품홍보 : 0.2% (만기시) 
3. 입출금통장 최초신규 : 0.2% (만기시)
4. 자동이체 출금실적 : 0.2% (만기시)
 - 수협신용카드 / 당행 펀드 / 수협체크카드
※단위:연%p",1,실명의 개인,"- 1인 1계좌 
- 월 가입한도 : 20만원",200000.0,20231020,,202310201104
202310,0014807,10141114700031,수협은행,헤이(Hey)적금(자유적립식),스마트폰,"* 만기후 1년 이내
 - 만기당시 상호부금
계약기간별 기본금리 1/2
* 만기후 1년 초과
 - 만기당시 보통예금 기본금리","* 최대우대금리:0.9%
1. 마케팅동의 : 0.1% (신규시) 
2. 자동이체 납입 : 0.5% (만기시) 
3. 예·적금 신규고객 : 0.3% (신규시)
4. 예·적금 만기후 1개월 이내 재가입고객 : 0.3%(신규시)
※단위:연%p",1,실명의 개인,"*1인 1계좌
*월 가입한도 : 50만원
*스마트폰 전용",500000.0,20231020,,202310201104
202310,0014807,10141116600001,수협은행,Sh수산물을좋아海적금,"영업점,스마트폰","* 만기후 1년 이내
 - 만기당시 상호부금
계약기간별 기본금리 1/2
* 만기후 1년 초과
 - 만기당시 보통예금 기본금리","* 최대우대금리:4%
1.수산물소비캠페인동참서약:0.1%(신규시)
2.마케팅동의:0.1%(만기해지시)
3.수산물구매실적:최대3%(만기해지시)
4.MY자산가입:0.3%(만기해지시)
5.거래실적::0.5%(만기해지시)
 -적금으로자동이체횟수/ 신용카드출금실적",1,실명의 개인,"*1인 1계좌
*월 가입한도 : 30만원
*영업점, 스마트폰뱅킹",300000.0,20231020,,202310201104
202310,0015130,10-01-30-355-0002,주식회사 카카오뱅크,카카오뱅크 자유적금,스마트폰,"- 만기 후 1개월 이내 : 가입(또는 자동연장)시점 기본금리x50%
- 만기 후 1개월초과 3개월 이내 : 가입(또는 자동연장)시점 기본금리x30%
- 만기 후 3개월 초과 : 0.20%","자동이체시 우대금리 제공 : 연 0.20%p
 - 제공조건 : 전체 계약월수의 1/2이상을 자동이체로 납입하고 만기 해지하는 경우
 - 유의사항 : 만기 자동연장된 원리금은 우대금리를 제공하지 않음",1,만 17세 이상의 실명의 개인,"1. 가입방법 : 스마트폰
2. 가입금액 : 1천원 이상(원단위)
3. 가입기간 : 6개월 이상 ~ 36개월 이하(월, 일단위 지정 가능)
4. 월 적립한도 : 1천원 이상 월 300만원 이하 원단위(단, 자동연장된 원리금은 월 적립한도에 포함되지 않음)",,20231110,,202311101101
202310,0015130,10-01-30-355-0005,주식회사 카카오뱅크,카카오뱅크 26주적금,스마트폰,"- 만기 후 1개월 이내 : 가입시점 기본금리x50%
- 만기 후 1개월초과 3개월 이내 : 가입시점 기본금리x30%
- 만기 후 3개월 초과 : 0.20%","자동이체 연속 성공 우대금리 제공 : 최고 연 3.50%p
- 제공조건
① 7주차까지 자동이체 납입을 연속 성공하고 만기해지 하는 경우 연 1.00%p 제공
② 26주차까지 자동이체 납입을 연속 성공하고 만기해지 하는 경우 연 2.50%p 추가 제공
- 유의사항 : 자동이체 실패한 주차를 빈자리채우기 하여도 성공으로 인정되지 않음",1,만 17세 이상의 실명의 개인,"1. 가입방법 : 스마트폰
2. 가입금액 : 1천원, 2천원, 3천원, 5천원, 1만원
3. 가입기간 : 6개월
4. 26주적금서비스(자동이체)를 통해서 납입이 가능하며, 그 외의 입금은 모두 제한됨
(단, 26주적금 서비스를 통한 납입 실패 시 빈자리 채우기로 납입 가능)",,20231110,,202311101101
202310,0017801,1001303001001,토스뱅크 주식회사,토스뱅크 키워봐요 적금,스마트폰,"· 만기 후 1개월 이내 : 만기시점 기본금리 X 50% 
· 만기 후 1개월 초과 3개월 이내 : 만기시점 기본금리 X 20% 
· 만기 후 3개월 초과 : 연 0.10%",· 적금 가입 시 설정되는 주 단위 자동이체를 통하여 25회 이상 적립한 경우 : 연2.50% 제공,1,· 토스뱅크 통장 또는 토스뱅크 서브 통장을 보유한 실명의 개인,"· 1인 1계좌 (단, 이벤트 등으로 토스뱅크가 복수의 계좌개설을 허용하는 경우 추가 개설 가능)
· 가입금액 : 0원
· 우대금리는 우대조건을 달성하고 만기 해지하는 경우에만 제공됨",1000000.0,20231020,99991231,202310201105
202310,0017801,1001303001003,토스뱅크 주식회사,토스뱅크 굴비 적금,스마트폰,"· 만기 후 1개월 이내 : 만기시점 기본금리 X 50% 
· 만기 후 1개월 초과 3개월 이내 : 만기시점 기본금리 X 20% 
· 만기 후 3개월 초과 : 연 0.10%",· 만기 해지 시 : 연3.00% 제공,1,· 토스뱅크 통장 또는 토스뱅크 서브 통장을 보유한 실명의 개인,"· 1인 1계좌 (단, 이벤트 등으로 토스뱅크가 복수의 계좌개설을 허용하는 경우 추가 개설 가능)
· 가입금액 : 0원
· 우대금리는 만기 해지하는 경우에만 제공됨",300000.0,20231020,99991231,202310201105
202310,0017801,1001303001004,토스뱅크 주식회사,토스뱅크 자유 적금,스마트폰,"· 만기 후 1개월 이내 : 만기시점 기본금리 X 50% 
· 만기 후 1개월 초과 3개월 이내 : 만기시점 기본금리 X 20% 
· 만기 후 3개월 초과 : 연 0.10%",· 적금 가입 시 설정되는 월 단위 자동이체를 모두 성공하는 경우 : 연 2.00% 제공,1,· 토스뱅크 통장 또는 토스뱅크 서브 통장을 보유한 실명의 개인,"· 1인 1계좌 (단, 이벤트 등으로 토스뱅크가 복수의 계좌개설을 허용하는 경우 추가 개설 가능)
· 가입금액 : 0원 이상 300만원 이하
· 우대금리는 만기 해지하는 경우에만 제공됨",3000000.0,20231020,99991231,202310201105
202310,0017801,1001303001005,토스뱅크 주식회사,토스뱅크 아이 적금,스마트폰,"· 만기 후 1개월 이내 : 만기시점 기본금리 X 50% 
· 만기 후 1개월 초과 3개월 이내 : 만기시점 기본금리 X 20% 
· 만기 후 3개월 초과 : 연 0.10%",· 적금 가입 시 설정되는 월 단위 자동이체를 모두 성공하는 경우 : 연 2.50% 제공,3,· 토스뱅크 아이 통장을 보유한 15세 이하 실명의 개인,"· 1인 1계좌 
· 가입금액 : 0원
· 우대금리는 만기 해지하는 경우에만 제공됨",200000.0,20231020,99991231,202310201105
